NUMERO>     ;DATA IN>     ;DADOR>     ;ABO;Rh>  ;CENTRO>      ;DATA OUT>   
1;01-01-2000;123456;O;+;Lisboa;23-02-2000
2;01-01-2000;654321;O;+;Barcelos;27-02-2000
3;06-01-2000;234598;A;+;Porto;01-03-2000
4;08-01-2000;456992;A;+;Barcelos;04-03-2000
5;09-01-2000;837464;AB;+;Faro;08-03-2000
6;10-01-2000;429839;A;+;Faro;11-03-2000
7;10-01-2000;567393;B;+;Guimarães;12-03-2000
8;11-01-2000;256748;B;+;Porto;17-03-2000
9;13-01-2000;876573;O;+;Faro;19-03-2000
10;15-01-2000;298758;A;+;Guimarães;19-03-2000
11;15-01-2000;256744;AB;-;Coimbra;19-03-2000
12;16-01-2000;567923;AB;-;Faro;21-03-2000
13;17-01-2000;478458;B;-;Coimbra;22-03-2000
14;17-01-2000;348593;O;-;Barcelos;26-03-2000
15;19-01-2000;387948;B;-;Faro;29-03-2000
16;21-01-2000;234475;AB;-;Lisboa;29-03-2000
17;21-01-2000;678348;AB;-;Porto;30-03-2000
18;23-01-2000;234587;A;-;Porto;03-04-2000
19;25-01-2000;228495;A;-;Lisboa;04-04-2000
20;25-01-2000;213450;B;-;Guimarães;11-04-2000
21;26-01-2000;421361;A;-;Coimbra;12-04-2000
22;28-01-2000;845809;O;+;Coimbra;14-04-2000
23;29-01-2000;668324;AB;+;Lisboa;16-04-2000
24;29-01-2000;181429;O;-;Lisboa;16-04-2000
25;30-01-2000;265963;AB;-;Braga;21-04-2000
26;30-01-2000;251402;AB;-;Faro;22-04-2000
27;12-02-2000;716120;AB;-;Braga;24-04-2000
28;13-02-2000;459981;A;-;Barcelos;25-04-2000
29;20-02-2000;308332;A;+;Braga;25-04-2000
30;20-02-2000;754132;A;-;Barcelos;26-04-2000
31;20-02-2000;647717;B;-;Guimarães;13-05-2000
32;20-02-2000;338096;O;-;Coimbra;16-05-2000
33;22-02-2000;796929;A;-;Barcelos;19-05-2000
34;23-02-2000;848433;O;-;Braga;22-05-2000
35;24-02-2000;540674;A;+;Porto;24-05-2000
36;01-03-2000;817972;O;-;Porto;31-05-2000
37;02-03-2000;626738;AB;+;Guimarães;31-05-2000
38;06-03-2000;755492;B;-;Braga;31-05-2000
39;07-03-2000;333174;B;-;Lisboa;31-05-2000
40;07-03-2000;860152;B;-;Braga;01-06-2000
41;10-03-2000;396540;B;+;Guimarães;01-06-2000
42;14-03-2000;838297;B;-;Porto;03-06-2000
43;15-03-2000;660661;B;-;Barcelos;04-06-2000
44;17-03-2000;637451;A;-;Coimbra;04-06-2000
45;18-03-2000;979480;O;+;Lisboa;05-06-2000
46;22-03-2000;830157;AB;+;Lisboa;05-06-2000
47;25-03-2000;813774;O;+;Barcelos;10-06-2000
48;26-03-2000;108578;AB;+;Braga;11-06-2000
49;28-03-2000;508430;B;-;Coimbra;13-06-2000
50;29-03-2000;231804;AB;-;Faro;15-06-2000
51;31-03-2000;244459;AB;+;Porto;20-06-2000
52;07-04-2000;158998;AB;-;Coimbra;23-06-2000
53;09-04-2000;633935;A;+;Coimbra;28-06-2000
54;10-04-2000;811557;A;+;Lisboa;30-06-2000
55;10-04-2000;406852;AB;+;Porto;02-07-2000
56;16-04-2000;360632;B;+;Coimbra;03-07-2000
57;18-04-2000;633156;O;-;Faro;06-07-2000
58;19-04-2000;611615;B;+;Braga;06-07-2000
59;20-04-2000;170719;AB;+;Porto;06-07-2000
60;20-04-2000;993325;B;+;Porto;07-07-2000
61;21-04-2000;315147;AB;-;Lisboa;09-07-2000
62;24-04-2000;446031;B;-;Faro;10-07-2000
63;24-04-2000;742732;A;+;Lisboa;14-07-2000
64;25-04-2000;755807;AB;+;Coimbra;18-07-2000
65;26-04-2000;724399;AB;-;Barcelos;20-07-2000
66;02-05-2000;517000;O;+;Braga;20-07-2000
67;02-05-2000;309143;AB;-;Faro;22-07-2000
68;03-05-2000;447880;B;-;Faro;22-07-2000
69;03-05-2000;811239;O;+;Braga;22-07-2000
70;03-05-2000;672750;AB;-;Coimbra;25-07-2000
71;05-05-2000;694678;A;+;Braga;26-07-2000
72;05-05-2000;626916;AB;+;Guimarães;26-07-2000
73;11-05-2000;616287;A;-;Lisboa;01-08-2000
74;13-05-2000;468958;A;-;Braga;04-08-2000
75;16-05-2000;109991;AB;-;Barcelos;09-08-2000
76;17-05-2000;858461;B;+;Porto;10-08-2000
77;17-05-2000;652204;B;+;Faro;11-08-2000
78;20-05-2000;548627;O;-;Braga;17-08-2000
79;21-05-2000;246461;AB;+;Coimbra;18-08-2000
80;21-05-2000;977222;B;-;Lisboa;18-08-2000
81;22-05-2000;497887;B;+;Porto;21-08-2000
82;23-05-2000;692730;B;+;Coimbra;21-08-2000
83;26-05-2000;883619;O;+;Lisboa;24-08-2000
84;27-05-2000;131304;AB;-;Lisboa;25-08-2000
85;29-05-2000;206370;A;+;Guimarães;26-08-2000
86;04-06-2000;413020;A;+;Lisboa;30-08-2000
87;11-06-2000;969194;B;+;Coimbra;05-09-2000
88;11-06-2000;788972;O;-;Barcelos;05-09-2000
89;12-06-2000;342803;B;+;Porto;06-09-2000
90;13-06-2000;443206;O;+;Porto;08-09-2000
91;17-06-2000;908969;AB;-;Coimbra;12-09-2000
92;18-06-2000;815526;AB;-;Faro;13-09-2000
93;23-06-2000;572003;AB;+;Porto;15-09-2000
94;27-06-2000;523509;AB;+;Barcelos;16-09-2000
95;29-06-2000;634202;O;-;Coimbra;18-09-2000
96;08-07-2000;920888;AB;+;Lisboa;18-09-2000
97;08-07-2000;496405;O;+;Braga;20-09-2000
98;14-07-2000;964282;O;-;Faro;20-09-2000
99;15-07-2000;482228;B;+;Barcelos;21-09-2000
100;18-07-2000;550097;O;+;Porto;22-09-2000
101;18-07-2000;923858;O;+;Lisboa;24-09-2000
102;19-07-2000;103039;AB;+;Faro;25-09-2000
103;21-07-2000;106969;O;+;Porto;27-09-2000
104;23-07-2000;677854;A;-;Porto;28-09-2000
105;27-07-2000;163507;AB;+;Barcelos;28-09-2000
106;28-07-2000;343340;O;-;Faro;29-09-2000
107;29-07-2000;272329;AB;-;Barcelos;01-10-2000
108;31-07-2000;853206;AB;+;Braga;01-10-2000
109;02-08-2000;666428;AB;+;Barcelos;05-10-2000
110;05-08-2000;160931;A;-;Guimarães;09-10-2000
111;07-08-2000;357382;AB;+;Porto;10-10-2000
112;10-08-2000;248898;AB;+;Faro;11-10-2000
113;12-08-2000;175748;B;+;Barcelos;11-10-2000
114;13-08-2000;292924;B;+;Porto;14-10-2000
115;13-08-2000;343495;B;-;Porto;16-10-2000
116;13-08-2000;345649;AB;-;Guimarães;16-10-2000
117;15-08-2000;479369;B;-;Lisboa;17-10-2000
118;15-08-2000;178274;O;+;Braga;19-10-2000
119;16-08-2000;537588;O;-;Porto;19-10-2000
120;16-08-2000;548711;A;+;Guimarães;20-10-2000
121;16-08-2000;419594;O;+;Lisboa;21-10-2000
122;18-08-2000;795652;O;+;Porto;28-10-2000
123;18-08-2000;196338;B;-;Porto;28-10-2000
124;21-08-2000;393972;B;-;Lisboa;28-10-2000
125;22-08-2000;700791;B;+;Coimbra;28-10-2000
126;22-08-2000;415985;A;-;Porto;04-11-2000
127;29-08-2000;636760;AB;-;Guimarães;08-11-2000
128;02-09-2000;877773;AB;-;Porto;09-11-2000
129;03-09-2000;475680;B;-;Barcelos;12-11-2000
130;04-09-2000;908869;AB;-;Coimbra;13-11-2000
131;08-09-2000;657579;AB;-;Faro;15-11-2000
132;14-09-2000;578254;O;-;Porto;19-11-2000
133;15-09-2000;714866;O;-;Braga;24-11-2000
134;16-09-2000;626244;B;-;Faro;24-11-2000
135;16-09-2000;548835;AB;+;Porto;27-11-2000
136;17-09-2000;186182;O;-;Braga;27-11-2000
137;17-09-2000;279384;AB;-;Barcelos;28-11-2000
138;22-09-2000;341747;O;+;Braga;30-11-2000
139;22-09-2000;122216;O;-;Porto;03-12-2000
140;23-09-2000;154931;A;-;Coimbra;04-12-2000
141;24-09-2000;855034;B;+;Barcelos;05-12-2000
142;26-09-2000;541458;AB;+;Guimarães;06-12-2000
143;27-09-2000;858735;AB;+;Braga;10-12-2000
144;29-09-2000;656461;B;-;Coimbra;11-12-2000
145;29-09-2000;992497;A;-;Barcelos;17-12-2000
146;29-09-2000;903457;AB;+;Barcelos;17-12-2000
147;30-09-2000;436929;O;+;Coimbra;18-12-2000
148;30-09-2000;658669;O;-;Braga;23-12-2000
149;01-10-2000;957879;O;-;Coimbra;24-12-2000
150;03-10-2000;198652;AB;-;Lisboa;25-12-2000
151;11-10-2000;841930;AB;-;Barcelos;27-12-2000
152;11-10-2000;289320;A;-;Guimarães;28-12-2000
153;13-10-2000;834560;AB;+;Coimbra;28-12-2000
154;14-10-2000;888515;AB;+;Porto;30-12-2000
155;15-10-2000;388882;A;-;Faro;30-12-2000
156;16-10-2000;444392;A;-;Porto;03-01-2001
157;16-10-2000;267892;AB;+;Coimbra;04-01-2001
158;20-10-2000;821052;O;+;Coimbra;05-01-2001
159;21-10-2000;218393;AB;-;Faro;06-01-2001
160;23-10-2000;540735;B;+;Guimarães;08-01-2001
161;24-10-2000;993531;O;-;Porto;09-01-2001
162;28-10-2000;855509;AB;+;Guimarães;11-01-2001
163;31-10-2000;937238;AB;+;Lisboa;14-01-2001
164;02-11-2000;857041;O;+;Braga;14-01-2001
165;04-11-2000;397662;AB;+;Braga;15-01-2001
166;05-11-2000;863281;O;+;Braga;15-01-2001
167;06-11-2000;921381;AB;+;Lisboa;15-01-2001
168;07-11-2000;507187;B;+;Faro;17-01-2001
169;08-11-2000;733174;A;-;Coimbra;17-01-2001
170;12-11-2000;664750;O;-;Porto;18-01-2001
171;16-11-2000;511965;B;+;Braga;23-01-2001
172;17-11-2000;849804;A;-;Barcelos;25-01-2001
173;17-11-2000;221982;AB;+;Lisboa;27-01-2001
174;19-11-2000;462182;B;-;Barcelos;27-01-2001
175;23-11-2000;605868;A;+;Barcelos;27-01-2001
176;26-11-2000;134212;B;-;Guimarães;28-01-2001
177;28-11-2000;847883;AB;-;Coimbra;30-01-2001
178;30-11-2000;124229;O;+;Faro;31-01-2001
179;01-12-2000;547947;A;-;Lisboa;07-02-2001
180;01-12-2000;290308;A;-;Braga;08-02-2001
181;01-12-2000;204828;A;-;Guimarães;08-02-2001
182;09-12-2000;956907;O;+;Lisboa;09-02-2001
183;10-12-2000;423338;A;-;Braga;11-02-2001
184;13-12-2000;716640;O;-;Faro;11-02-2001
185;14-12-2000;977699;B;+;Braga;13-02-2001
186;15-12-2000;827127;B;-;Faro;21-02-2001
187;17-12-2000;803443;B;+;Braga;23-02-2001
188;20-12-2000;130074;B;-;Porto;28-02-2001
189;22-12-2000;923482;A;+;Faro;01-03-2001
190;25-12-2000;275279;A;+;Braga;02-03-2001
191;26-12-2000;903756;A;+;Coimbra;06-03-2001
192;27-12-2000;660441;A;-;Guimarães;07-03-2001
193;30-12-2000;770906;O;+;Faro;08-03-2001
194;31-12-2000;754882;AB;+;Faro;10-03-2001
195;04-01-2001;690515;B;-;Coimbra;11-03-2001
196;05-01-2001;530542;AB;+;Braga;12-03-2001
197;06-01-2001;295046;O;-;Guimarães;12-03-2001
198;07-01-2001;434228;O;-;Faro;12-03-2001
199;15-01-2001;380727;B;+;Faro;13-03-2001
200;18-01-2001;203320;AB;-;Braga;16-03-2001
201;20-01-2001;533322;B;-;Braga;16-03-2001
202;23-01-2001;681567;O;-;Coimbra;17-03-2001
203;23-01-2001;936102;AB;+;Faro;17-03-2001
204;24-01-2001;219574;AB;+;Braga;19-03-2001
205;26-01-2001;111064;O;+;Porto;21-03-2001
206;31-01-2001;937511;O;+;Coimbra;24-03-2001
207;02-02-2001;202829;A;-;Braga;24-03-2001
208;03-02-2001;319519;O;+;Porto;25-03-2001
209;05-02-2001;381112;A;+;Porto;25-03-2001
210;10-02-2001;422787;B;-;Faro;26-03-2001
211;10-02-2001;446115;O;-;Braga;29-03-2001
212;12-02-2001;132206;A;+;Faro;01-04-2001
213;12-02-2001;752116;B;+;Barcelos;02-04-2001
214;12-02-2001;856543;O;-;Faro;03-04-2001
215;14-02-2001;921035;A;-;Coimbra;06-04-2001
216;19-02-2001;210625;O;+;Faro;10-04-2001
217;21-02-2001;708707;B;+;Barcelos;10-04-2001
218;22-02-2001;897598;A;-;Braga;15-04-2001
219;02-03-2001;718764;B;-;Coimbra;16-04-2001
220;03-03-2001;653709;AB;+;Coimbra;19-04-2001
221;04-03-2001;479629;O;-;Guimarães;29-04-2001
222;05-03-2001;975136;O;+;Porto;30-04-2001
223;06-03-2001;574832;B;-;Coimbra;01-05-2001
224;07-03-2001;800413;O;-;Lisboa;01-05-2001
225;10-03-2001;545785;AB;+;Faro;03-05-2001
226;11-03-2001;912037;A;-;Faro;04-05-2001
227;17-03-2001;325403;A;+;Faro;05-05-2001
228;24-03-2001;527693;B;+;Guimarães;08-05-2001
229;27-03-2001;306672;AB;-;Porto;10-05-2001
230;28-03-2001;885226;AB;+;Faro;10-05-2001
231;29-03-2001;173427;A;+;Lisboa;17-05-2001
232;31-03-2001;551645;O;+;Faro;21-05-2001
233;01-04-2001;618777;B;+;Porto;22-05-2001
234;07-04-2001;258193;A;+;Porto;26-05-2001
235;13-04-2001;729187;O;+;Faro;27-05-2001
236;19-04-2001;799951;A;+;Coimbra;28-05-2001
237;19-04-2001;641868;A;-;Braga;29-05-2001
238;21-04-2001;554925;AB;-;Porto;03-06-2001
239;22-04-2001;896776;A;+;Barcelos;08-06-2001
240;24-04-2001;264862;O;-;Guimarães;12-06-2001
241;24-04-2001;677146;A;-;Barcelos;18-06-2001
242;26-04-2001;491187;O;-;Porto;19-06-2001
243;27-04-2001;616922;A;-;Porto;26-06-2001
244;06-05-2001;687585;O;-;Coimbra;27-06-2001
245;07-05-2001;950414;A;+;Faro;02-07-2001
246;07-05-2001;536109;A;+;Barcelos;03-07-2001
247;08-05-2001;755974;A;+;Porto;07-07-2001
248;09-05-2001;229012;O;+;Guimarães;08-07-2001
249;10-05-2001;523889;O;+;Braga;14-07-2001
250;13-05-2001;249775;O;-;Guimarães;15-07-2001
251;15-05-2001;847690;A;+;Braga;25-07-2001
252;15-05-2001;501597;AB;+;Faro;25-07-2001
253;17-05-2001;138383;B;-;Barcelos;26-07-2001
254;19-05-2001;189393;A;+;Porto;26-07-2001
255;20-05-2001;818140;O;+;Faro;30-07-2001
256;24-05-2001;629428;A;+;Porto;01-08-2001
257;25-05-2001;857406;B;+;Faro;02-08-2001
258;28-05-2001;779008;B;+;Coimbra;04-08-2001
259;28-05-2001;496117;B;+;Braga;04-08-2001
260;30-05-2001;799178;B;-;Faro;04-08-2001
261;31-05-2001;337074;O;+;Coimbra;06-08-2001
262;01-06-2001;588596;A;-;Lisboa;07-08-2001
263;02-06-2001;814106;B;+;Braga;13-08-2001
264;06-06-2001;360515;A;+;Braga;17-08-2001
265;19-06-2001;985492;O;-;Coimbra;18-08-2001
266;19-06-2001;326965;AB;+;Braga;18-08-2001
267;20-06-2001;723047;B;+;Lisboa;20-08-2001
268;24-06-2001;413450;B;-;Barcelos;24-08-2001
269;24-06-2001;798397;O;-;Faro;25-08-2001
270;29-06-2001;694955;B;-;Barcelos;27-08-2001
271;29-06-2001;629206;A;+;Lisboa;28-08-2001
272;30-06-2001;825258;B;-;Barcelos;30-08-2001
273;03-07-2001;274640;B;+;Lisboa;05-09-2001
274;04-07-2001;616649;O;-;Guimarães;06-09-2001
275;04-07-2001;975443;A;+;Guimarães;07-09-2001
276;06-07-2001;809557;A;+;Porto;10-09-2001
277;06-07-2001;705208;A;-;Faro;14-09-2001
278;10-07-2001;403122;A;+;Faro;18-09-2001
279;10-07-2001;501136;O;-;Coimbra;21-09-2001
280;11-07-2001;859144;A;+;Braga;22-09-2001
281;11-07-2001;451412;O;+;Barcelos;24-09-2001
282;11-07-2001;807111;A;-;Braga;27-09-2001
283;14-07-2001;979343;AB;+;Lisboa;29-09-2001
284;18-07-2001;860456;O;-;Lisboa;07-10-2001
285;20-07-2001;750661;B;-;Lisboa;07-10-2001
286;23-07-2001;869279;O;+;Faro;13-10-2001
287;27-07-2001;162546;B;-;Porto;13-10-2001
288;05-08-2001;404384;AB;+;Faro;13-10-2001
289;07-08-2001;634201;O;-;Braga;17-10-2001
290;08-08-2001;572386;B;-;Faro;20-10-2001
291;10-08-2001;809958;O;-;Porto;22-10-2001
292;12-08-2001;520909;B;-;Coimbra;23-10-2001
293;13-08-2001;475064;B;-;Barcelos;27-10-2001
294;15-08-2001;778591;B;-;Coimbra;30-10-2001
295;18-08-2001;166330;O;-;Guimarães;03-11-2001
296;22-08-2001;558346;A;+;Barcelos;04-11-2001
297;23-08-2001;357131;B;-;Faro;06-11-2001
298;25-08-2001;211709;O;+;Coimbra;08-11-2001
299;25-08-2001;470443;O;-;Braga;09-11-2001
300;26-08-2001;978868;B;-;Braga;12-11-2001
301;27-08-2001;170450;AB;+;Faro;12-11-2001
302;30-08-2001;150701;A;-;Braga;13-11-2001
303;30-08-2001;686596;O;+;Coimbra;16-11-2001
304;03-09-2001;850821;O;-;Porto;18-11-2001
305;04-09-2001;602368;O;-;Guimarães;20-11-2001
306;07-09-2001;226329;AB;-;Porto;20-11-2001
307;09-09-2001;182903;B;+;Faro;22-11-2001
308;10-09-2001;593975;B;+;Lisboa;24-11-2001
309;10-09-2001;513130;A;+;Guimarães;27-11-2001
310;11-09-2001;606153;B;-;Coimbra;28-11-2001
311;12-09-2001;579821;AB;-;Lisboa;29-11-2001
312;14-09-2001;774908;O;+;Porto;30-11-2001
313;17-09-2001;151767;A;-;Barcelos;02-12-2001
314;23-09-2001;758331;B;+;Porto;05-12-2001
315;25-09-2001;858914;O;+;Porto;07-12-2001
316;30-09-2001;399763;O;-;Porto;08-12-2001
317;07-10-2001;497554;AB;-;Braga;11-12-2001
318;09-10-2001;481350;O;-;Guimarães;14-12-2001
319;13-10-2001;369570;B;+;Guimarães;16-12-2001
320;13-10-2001;957221;B;-;Faro;16-12-2001
321;14-10-2001;738815;O;+;Barcelos;17-12-2001
322;15-10-2001;720985;A;+;Faro;21-12-2001
323;16-10-2001;179926;B;+;Braga;23-12-2001
324;17-10-2001;210750;O;+;Lisboa;26-12-2001
325;19-10-2001;149311;B;+;Coimbra;27-12-2001
326;20-10-2001;396993;AB;+;Guimarães;30-12-2001
327;23-10-2001;453469;A;+;Porto;30-12-2001
328;23-10-2001;299300;AB;-;Coimbra;31-12-2001
329;23-10-2001;869056;A;-;Braga;31-12-2001
330;24-10-2001;300535;O;-;Faro;02-01-2002
331;26-10-2001;220866;AB;-;Coimbra;03-01-2002
332;30-10-2001;623306;A;+;Lisboa;04-01-2002
333;30-10-2001;968668;B;-;Guimarães;06-01-2002
334;01-11-2001;549273;A;-;Faro;10-01-2002
335;04-11-2001;535586;B;+;Porto;10-01-2002
336;05-11-2001;815091;B;-;Coimbra;12-01-2002
337;07-11-2001;194622;O;-;Barcelos;15-01-2002
338;10-11-2001;786961;B;-;Faro;17-01-2002
339;14-11-2001;888985;O;+;Faro;21-01-2002
340;14-11-2001;346357;B;+;Porto;28-01-2002
341;15-11-2001;828657;A;+;Porto;01-02-2002
342;17-11-2001;456045;O;-;Lisboa;02-02-2002
343;19-11-2001;756971;B;+;Coimbra;04-02-2002
344;19-11-2001;866648;O;+;Braga;05-02-2002
345;21-11-2001;777157;A;+;Lisboa;06-02-2002
346;21-11-2001;852256;O;+;Faro;06-02-2002
347;23-11-2001;632870;O;-;Porto;10-02-2002
348;24-11-2001;186934;A;+;Lisboa;11-02-2002
349;24-11-2001;294817;O;+;Guimarães;11-02-2002
350;28-11-2001;129176;B;-;Lisboa;14-02-2002
351;06-12-2001;455903;AB;+;Porto;20-02-2002
352;09-12-2001;195807;O;+;Braga;22-02-2002
353;09-12-2001;696987;AB;+;Guimarães;24-02-2002
354;09-12-2001;324878;AB;-;Barcelos;25-02-2002
355;11-12-2001;203807;A;+;Faro;27-02-2002
356;13-12-2001;589361;B;-;Braga;27-02-2002
357;16-12-2001;227350;AB;+;Barcelos;01-03-2002
358;18-12-2001;768858;O;-;Braga;02-03-2002
359;19-12-2001;805771;AB;-;Barcelos;02-03-2002
360;22-12-2001;693491;O;+;Porto;02-03-2002
361;24-12-2001;246345;B;-;Lisboa;05-03-2002
362;25-12-2001;643098;O;-;Braga;07-03-2002
363;28-12-2001;917520;A;-;Porto;08-03-2002
364;29-12-2001;101780;AB;+;Lisboa;08-03-2002
365;30-12-2001;456838;O;-;Guimarães;13-03-2002
366;31-12-2001;586462;B;+;Barcelos;14-03-2002
367;02-01-2002;254403;AB;-;Guimarães;15-03-2002
368;02-01-2002;782397;AB;-;Coimbra;15-03-2002
369;03-01-2002;635064;AB;-;Braga;17-03-2002
370;07-01-2002;209906;AB;-;Faro;17-03-2002
371;09-01-2002;647692;O;-;Braga;20-03-2002
372;09-01-2002;263074;B;-;Faro;20-03-2002
373;20-01-2002;652736;AB;-;Braga;20-03-2002
374;20-01-2002;826409;AB;-;Barcelos;21-03-2002
375;21-01-2002;225605;B;-;Braga;23-03-2002
376;26-01-2002;886392;B;-;Coimbra;24-03-2002
377;29-01-2002;164810;B;-;Faro;27-03-2002
378;31-01-2002;112415;O;+;Coimbra;28-03-2002
379;01-02-2002;195371;AB;-;Coimbra;31-03-2002
380;01-02-2002;204359;O;+;Porto;03-04-2002
381;03-02-2002;622759;A;-;Guimarães;04-04-2002
382;05-02-2002;714746;A;-;Guimarães;04-04-2002
383;06-02-2002;765780;AB;-;Guimarães;05-04-2002
384;07-02-2002;742538;AB;+;Coimbra;08-04-2002
385;08-02-2002;599046;O;-;Guimarães;11-04-2002
386;10-02-2002;382348;B;+;Porto;12-04-2002
387;12-02-2002;873827;O;-;Lisboa;15-04-2002
388;13-02-2002;812357;AB;+;Faro;22-04-2002
389;14-02-2002;747828;O;+;Barcelos;23-04-2002
390;19-02-2002;924630;O;+;Porto;25-04-2002
391;19-02-2002;956294;O;+;Porto;26-04-2002
392;20-02-2002;738189;A;+;Porto;04-05-2002
393;23-02-2002;169071;O;-;Coimbra;06-05-2002
394;25-02-2002;372348;B;-;Guimarães;06-05-2002
395;27-02-2002;114713;A;-;Lisboa;06-05-2002
396;02-03-2002;638249;A;+;Guimarães;07-05-2002
397;03-03-2002;582514;B;-;Barcelos;08-05-2002
398;05-03-2002;195505;O;-;Barcelos;10-05-2002
399;05-03-2002;181869;AB;-;Barcelos;11-05-2002
400;12-03-2002;829510;A;-;Coimbra;14-05-2002
401;12-03-2002;704076;B;+;Barcelos;17-05-2002
402;12-03-2002;567193;A;-;Barcelos;21-05-2002
403;14-03-2002;985821;O;-;Barcelos;22-05-2002
404;14-03-2002;526904;B;+;Faro;23-05-2002
405;16-03-2002;249720;O;-;Lisboa;24-05-2002
406;24-03-2002;256910;O;-;Coimbra;27-05-2002
407;25-03-2002;429449;O;+;Braga;05-06-2002
408;27-03-2002;310618;B;+;Porto;10-06-2002
409;27-03-2002;675333;B;+;Lisboa;19-06-2002
410;01-04-2002;578454;O;-;Porto;20-06-2002
411;04-04-2002;556900;O;-;Coimbra;23-06-2002
412;04-04-2002;907029;AB;+;Guimarães;27-06-2002
413;08-04-2002;177716;A;-;Guimarães;27-06-2002
414;11-04-2002;718877;B;+;Coimbra;30-06-2002
415;15-04-2002;925748;O;+;Porto;03-07-2002
416;17-04-2002;158286;AB;-;Guimarães;05-07-2002
417;18-04-2002;846229;A;+;Coimbra;06-07-2002
418;19-04-2002;427805;O;-;Porto;07-07-2002
419;21-04-2002;353073;O;-;Porto;11-07-2002
420;23-04-2002;988451;A;-;Coimbra;12-07-2002
421;24-04-2002;531663;A;-;Braga;21-07-2002
422;24-04-2002;777241;AB;+;Barcelos;22-07-2002
423;26-04-2002;986607;O;+;Faro;22-07-2002
424;30-04-2002;234558;AB;-;Lisboa;22-07-2002
425;04-05-2002;170834;O;+;Barcelos;26-07-2002
426;08-05-2002;946299;O;+;Faro;29-07-2002
427;12-05-2002;472021;A;+;Coimbra;31-07-2002
428;13-05-2002;516518;O;-;Faro;02-08-2002
429;14-05-2002;954882;AB;+;Barcelos;12-08-2002
430;22-05-2002;144397;B;-;Coimbra;14-08-2002
431;22-05-2002;270421;A;-;Guimarães;17-08-2002
432;22-05-2002;472414;O;-;Braga;23-08-2002
433;24-05-2002;494768;O;+;Faro;26-08-2002
434;30-05-2002;330783;O;+;Faro;29-08-2002
435;31-05-2002;946750;O;-;Faro;30-08-2002
436;05-06-2002;800198;AB;+;Guimarães;01-09-2002
437;07-06-2002;726210;B;-;Porto;03-09-2002
438;07-06-2002;408563;B;-;Lisboa;04-09-2002
439;09-06-2002;764720;O;+;Coimbra;10-09-2002
440;12-06-2002;788370;AB;-;Lisboa;12-09-2002
441;15-06-2002;689559;O;+;Porto;12-09-2002
442;15-06-2002;496639;O;-;Braga;15-09-2002
443;15-06-2002;630810;B;+;Lisboa;15-09-2002
444;16-06-2002;237694;A;-;Lisboa;16-09-2002
445;17-06-2002;920668;AB;-;Faro;18-09-2002
446;18-06-2002;487475;A;+;Barcelos;20-09-2002
447;19-06-2002;352625;A;+;Porto;23-09-2002
448;24-06-2002;200716;O;-;Coimbra;24-09-2002
449;26-06-2002;991467;B;+;Coimbra;24-09-2002
450;03-07-2002;178453;A;-;Lisboa;25-09-2002
451;09-07-2002;949865;AB;+;Coimbra;28-09-2002
452;11-07-2002;681479;A;-;Coimbra;30-09-2002
453;12-07-2002;430838;O;-;Braga;02-10-2002
454;14-07-2002;284498;O;-;Barcelos;03-10-2002
455;16-07-2002;493399;A;-;Coimbra;06-10-2002
456;17-07-2002;568434;O;+;Coimbra;15-10-2002
457;17-07-2002;354424;O;-;Faro;15-10-2002
458;18-07-2002;105963;A;-;Barcelos;18-10-2002
459;22-07-2002;802495;O;+;Guimarães;20-10-2002
460;28-07-2002;311552;O;+;Braga;21-10-2002
461;30-07-2002;946775;A;-;Barcelos;23-10-2002
462;01-08-2002;659972;B;-;Guimarães;28-10-2002
463;02-08-2002;137127;AB;-;Lisboa;29-10-2002
464;03-08-2002;616568;O;-;Coimbra;29-10-2002
465;05-08-2002;207198;A;+;Coimbra;04-11-2002
466;07-08-2002;973668;AB;+;Coimbra;04-11-2002
467;11-08-2002;648622;O;+;Braga;08-11-2002
468;13-08-2002;737557;AB;-;Guimarães;12-11-2002
469;15-08-2002;404843;AB;-;Porto;12-11-2002
470;15-08-2002;825525;A;-;Faro;15-11-2002
471;19-08-2002;316794;AB;-;Braga;16-11-2002
472;22-08-2002;789735;O;+;Lisboa;18-11-2002
473;25-08-2002;638722;A;-;Coimbra;20-11-2002
474;26-08-2002;651442;A;+;Coimbra;22-11-2002
475;27-08-2002;808636;O;+;Faro;27-11-2002
476;31-08-2002;970774;O;+;Barcelos;27-11-2002
477;01-09-2002;585643;AB;+;Barcelos;28-11-2002
478;03-09-2002;270213;AB;-;Porto;07-12-2002
479;05-09-2002;205090;O;+;Braga;10-12-2002
480;05-09-2002;249373;O;+;Barcelos;11-12-2002
481;06-09-2002;430301;A;-;Braga;11-12-2002
482;07-09-2002;864807;AB;-;Faro;13-12-2002
483;07-09-2002;182137;AB;+;Faro;17-12-2002
484;09-09-2002;738621;O;-;Guimarães;18-12-2002
485;09-09-2002;404915;AB;+;Barcelos;19-12-2002
486;11-09-2002;924008;A;+;Coimbra;20-12-2002
487;11-09-2002;977459;O;-;Porto;22-12-2002
488;11-09-2002;258171;A;-;Coimbra;24-12-2002
489;15-09-2002;400985;A;-;Barcelos;24-12-2002
490;18-09-2002;964087;AB;-;Braga;25-12-2002
491;21-09-2002;949083;B;+;Porto;26-12-2002
492;24-09-2002;501167;AB;+;Guimarães;29-12-2002
493;24-09-2002;787056;A;-;Guimarães;30-12-2002
494;26-09-2002;789013;O;+;Lisboa;03-01-2003
495;28-09-2002;727718;O;+;Guimarães;04-01-2003
496;02-10-2002;311675;A;-;Guimarães;05-01-2003
497;05-10-2002;247885;B;-;Porto;07-01-2003
498;05-10-2002;488589;AB;+;Faro;11-01-2003
499;05-10-2002;390679;B;-;Guimarães;12-01-2003
500;07-10-2002;197632;A;+;Guimarães;17-01-2003
501;10-10-2002;183703;O;-;Lisboa;18-01-2003
502;10-10-2002;859660;O;-;Barcelos;18-01-2003
503;12-10-2002;518631;B;-;Porto;20-01-2003
504;13-10-2002;926194;O;+;Porto;24-01-2003
505;14-10-2002;138182;B;+;Lisboa;28-01-2003
506;15-10-2002;864049;AB;+;Coimbra;01-02-2003
507;16-10-2002;165278;O;-;Barcelos;03-02-2003
508;22-10-2002;199958;B;-;Lisboa;04-02-2003
509;28-10-2002;173524;B;+;Lisboa;05-02-2003
510;31-10-2002;281528;B;-;Barcelos;10-02-2003
511;03-11-2002;115536;B;+;Faro;15-02-2003
512;06-11-2002;179174;AB;-;Faro;17-02-2003
513;06-11-2002;819920;O;+;Barcelos;17-02-2003
514;11-11-2002;286922;A;-;Guimarães;19-02-2003
515;14-11-2002;913368;AB;+;Barcelos;20-02-2003
516;15-11-2002;456351;O;+;Coimbra;20-02-2003
517;16-11-2002;668678;B;-;Coimbra;22-02-2003
518;18-11-2002;757700;AB;-;Lisboa;22-02-2003
519;18-11-2002;689678;O;+;Guimarães;22-02-2003
520;19-11-2002;401700;AB;+;Barcelos;22-02-2003
521;20-11-2002;602729;O;-;Braga;23-02-2003
522;21-11-2002;139680;AB;-;Braga;24-02-2003
523;22-11-2002;505227;B;+;Faro;27-02-2003
524;22-11-2002;793627;B;+;Lisboa;28-02-2003
525;22-11-2002;821645;A;-;Braga;06-03-2003
526;28-11-2002;265789;AB;+;Braga;08-03-2003
527;28-11-2002;221015;AB;+;Braga;09-03-2003
528;29-11-2002;399425;AB;+;Barcelos;11-03-2003
529;30-11-2002;188634;B;+;Porto;13-03-2003
530;02-12-2002;558418;AB;-;Barcelos;16-03-2003
531;02-12-2002;699117;AB;+;Coimbra;18-03-2003
532;07-12-2002;968309;B;+;Coimbra;20-03-2003
533;08-12-2002;997222;A;+;Porto;21-03-2003
534;08-12-2002;454243;A;-;Porto;29-03-2003
535;09-12-2002;766971;B;-;Barcelos;31-03-2003
536;09-12-2002;941527;B;-;Coimbra;04-04-2003
537;10-12-2002;737407;AB;+;Braga;09-04-2003
538;10-12-2002;195042;B;+;Porto;12-04-2003
539;17-12-2002;264323;B;+;Guimarães;16-04-2003
540;18-12-2002;402392;AB;+;Faro;16-04-2003
541;27-12-2002;933405;AB;-;Guimarães;16-04-2003
542;02-01-2003;331510;AB;-;Faro;21-04-2003
543;05-01-2003;431247;B;+;Lisboa;22-04-2003
544;05-01-2003;410408;A;+;Faro;24-04-2003
545;06-01-2003;321402;O;+;Coimbra;25-04-2003
546;07-01-2003;624964;O;-;Faro;28-04-2003
547;21-01-2003;241137;A;-;Barcelos;29-04-2003
548;21-01-2003;305102;A;+;Faro;30-04-2003
549;23-01-2003;997157;A;-;Guimarães;05-05-2003
550;27-01-2003;148846;O;-;Coimbra;09-05-2003
551;28-01-2003;544596;B;+;Barcelos;13-05-2003
552;31-01-2003;914038;A;-;Barcelos;17-05-2003
553;01-02-2003;628332;B;+;Barcelos;17-05-2003
554;04-02-2003;125212;A;+;Guimarães;26-05-2003
555;06-02-2003;235786;B;+;Porto;29-05-2003
556;07-02-2003;851133;B;+;Barcelos;01-06-2003
557;09-02-2003;243648;AB;+;Barcelos;03-06-2003
558;16-02-2003;214374;O;-;Braga;06-06-2003
559;17-02-2003;814369;A;+;Barcelos;07-06-2003
560;21-02-2003;695787;A;-;Porto;08-06-2003
561;22-02-2003;567137;O;+;Coimbra;09-06-2003
562;23-02-2003;465716;AB;-;Barcelos;11-06-2003
563;27-02-2003;823416;O;+;Lisboa;13-06-2003
564;01-03-2003;930144;B;-;Barcelos;14-06-2003
565;05-03-2003;687121;B;-;Faro;16-06-2003
566;06-03-2003;113565;O;+;Coimbra;16-06-2003
567;09-03-2003;695717;A;+;Barcelos;18-06-2003
568;10-03-2003;466718;B;-;Barcelos;20-06-2003
569;11-03-2003;107225;O;-;Braga;21-06-2003
570;13-03-2003;819538;AB;+;Braga;22-06-2003
571;14-03-2003;844966;B;-;Lisboa;24-06-2003
572;14-03-2003;874381;A;-;Lisboa;25-06-2003
573;16-03-2003;656279;B;-;Faro;25-06-2003
574;18-03-2003;843433;B;-;Lisboa;26-06-2003
575;22-03-2003;467025;O;-;Porto;26-06-2003
576;23-03-2003;805100;AB;+;Guimarães;27-06-2003
577;23-03-2003;756264;B;+;Lisboa;28-06-2003
578;26-03-2003;331911;A;+;Barcelos;28-06-2003
579;29-03-2003;776374;O;+;Coimbra;02-07-2003
580;30-03-2003;277386;AB;-;Coimbra;05-07-2003
581;01-04-2003;138936;B;+;Porto;09-07-2003
582;01-04-2003;405614;B;+;Coimbra;10-07-2003
583;07-04-2003;149511;AB;+;Braga;10-07-2003
584;09-04-2003;457914;O;-;Barcelos;11-07-2003
585;13-04-2003;441500;A;+;Coimbra;14-07-2003
586;14-04-2003;473738;O;+;Braga;15-07-2003
587;19-04-2003;941901;AB;-;Coimbra;16-07-2003
588;21-04-2003;720749;A;+;Braga;16-07-2003
589;21-04-2003;560927;O;-;Lisboa;20-07-2003
590;22-04-2003;373789;AB;-;Braga;25-07-2003
591;24-04-2003;555824;AB;+;Lisboa;27-07-2003
592;26-04-2003;812945;A;+;Porto;27-07-2003
593;29-04-2003;752553;A;-;Braga;27-07-2003
594;30-04-2003;762506;O;-;Guimarães;31-07-2003
595;01-05-2003;101300;O;+;Coimbra;03-08-2003
596;03-05-2003;788376;O;-;Coimbra;04-08-2003
597;08-05-2003;677963;B;-;Lisboa;06-08-2003
598;10-05-2003;271553;O;-;Braga;07-08-2003
599;12-05-2003;677716;AB;-;Guimarães;08-08-2003
600;13-05-2003;507847;O;-;Guimarães;09-08-2003
601;14-05-2003;110244;A;-;Barcelos;10-08-2003
602;21-05-2003;989851;A;+;Coimbra;12-08-2003
603;24-05-2003;838467;A;-;Braga;13-08-2003
604;28-05-2003;341742;A;-;Braga;13-08-2003
605;28-05-2003;241766;AB;+;Barcelos;18-08-2003
606;29-05-2003;966143;O;-;Porto;21-08-2003
607;02-06-2003;818401;A;-;Coimbra;21-08-2003
608;11-06-2003;289795;B;+;Barcelos;27-08-2003
609;12-06-2003;116635;AB;-;Porto;28-08-2003
610;13-06-2003;862310;AB;-;Coimbra;29-08-2003
611;18-06-2003;792539;O;+;Lisboa;01-09-2003
612;18-06-2003;858962;A;-;Guimarães;02-09-2003
613;21-06-2003;428737;B;+;Braga;03-09-2003
614;26-06-2003;851182;AB;-;Lisboa;05-09-2003
615;04-07-2003;840229;A;-;Braga;05-09-2003
616;04-07-2003;482712;A;+;Porto;07-09-2003
617;06-07-2003;317717;AB;-;Faro;08-09-2003
618;07-07-2003;805694;O;+;Barcelos;13-09-2003
619;08-07-2003;149942;O;-;Guimarães;14-09-2003
620;12-07-2003;403742;B;-;Braga;16-09-2003
621;13-07-2003;391151;B;+;Braga;18-09-2003
622;13-07-2003;421663;O;-;Braga;23-09-2003
623;13-07-2003;533419;A;-;Porto;27-09-2003
624;18-07-2003;118975;O;-;Faro;28-09-2003
625;24-07-2003;502092;B;-;Barcelos;01-10-2003
626;24-07-2003;861574;B;-;Faro;02-10-2003
627;25-07-2003;551670;B;+;Coimbra;06-10-2003
628;26-07-2003;247436;A;-;Faro;11-10-2003
629;03-08-2003;658062;A;-;Lisboa;11-10-2003
630;03-08-2003;258628;B;-;Faro;14-10-2003
631;05-08-2003;959546;B;+;Lisboa;22-10-2003
632;05-08-2003;878813;A;-;Barcelos;26-10-2003
633;10-08-2003;505898;O;+;Braga;29-10-2003
634;10-08-2003;171336;B;+;Braga;30-10-2003
635;15-08-2003;650063;O;-;Guimarães;31-10-2003
636;16-08-2003;678043;O;+;Braga;02-11-2003
637;24-08-2003;651694;A;+;Guimarães;02-11-2003
638;24-08-2003;523749;B;-;Lisboa;03-11-2003
639;30-08-2003;543231;A;-;Guimarães;09-11-2003
640;30-08-2003;917174;O;+;Porto;10-11-2003
641;01-09-2003;582173;O;+;Lisboa;13-11-2003
642;04-09-2003;933323;B;-;Braga;17-11-2003
643;04-09-2003;378198;A;+;Porto;18-11-2003
644;06-09-2003;292879;B;-;Braga;18-11-2003
645;10-09-2003;793653;O;+;Braga;21-11-2003
646;14-09-2003;182218;AB;+;Lisboa;23-11-2003
647;14-09-2003;421889;O;-;Barcelos;27-11-2003
648;19-09-2003;454713;B;+;Porto;28-11-2003
649;19-09-2003;635085;O;-;Braga;05-12-2003
650;25-09-2003;793726;B;+;Coimbra;08-12-2003
651;25-09-2003;172801;O;-;Braga;08-12-2003
652;08-10-2003;716796;AB;-;Lisboa;08-12-2003
653;08-10-2003;400231;B;-;Guimarães;09-12-2003
654;09-10-2003;314839;AB;-;Guimarães;10-12-2003
655;12-10-2003;733524;A;-;Faro;10-12-2003
656;12-10-2003;852657;B;+;Lisboa;11-12-2003
657;16-10-2003;197873;B;+;Guimarães;11-12-2003
658;16-10-2003;861989;A;+;Faro;11-12-2003
659;18-10-2003;306611;A;-;Braga;16-12-2003
660;21-10-2003;114521;O;+;Faro;17-12-2003
661;24-10-2003;323354;O;-;Coimbra;19-12-2003
662;24-10-2003;309725;AB;-;Barcelos;21-12-2003
663;26-10-2003;388567;O;-;Coimbra;23-12-2003
664;27-10-2003;320947;B;-;Barcelos;24-12-2003
665;29-10-2003;248939;B;+;Faro;24-12-2003
666;29-10-2003;615339;AB;+;Guimarães;31-12-2003
667;29-10-2003;129584;AB;+;Porto;31-12-2003
668;30-10-2003;436953;B;+;Porto;06-01-2004
669;30-10-2003;932807;A;-;Faro;08-01-2004
670;31-10-2003;588948;B;+;Coimbra;09-01-2004
671;02-11-2003;238719;A;-;Braga;12-01-2004
